Search Query,Result No.,Article Title,Article URL,Authors,Author URLs,Publish Date
gender equality,1,Glitter (Foot)ball Tactics: Negotiating Mainstream Gender Equality in Iceland,https://pureportal.coventry.ac.uk/en/publications/glitter-(foot)ball-tactics:-negotiating-mainstream-gender-equality-in-iceland,"Evans, A.",https://pureportal.coventry.ac.uk/en/persons/ady-evans,2013
gender equality,2,Case study: gender equality (SDG5): Ten stages of women’s mobility in Pakistan and Malaysia,https://pureportal.coventry.ac.uk/en/publications/case-study:-gender-equality-(sdg5):-ten-stages-of-women’s-mobility-in-pakistan-and-malaysia,"Woodcock, A.",https://pureportal.coventry.ac.uk/en/persons/andree-woodcock,Mar 2021
gender equality,3,No Food sovereignty without feminism? Negotiating gender equality in the UNDROP,https://pureportal.coventry.ac.uk/en/publications/no-food-sovereignty-without-feminism?-negotiating-gender-equality-in-the-undrop,"Claeys, P.",https://pureportal.coventry.ac.uk/en/persons/priscilla-claeys,1 Jan 2022
gender equality,4,Negotiating gender equality in the United Nations Declaration on the rights of peasants and other people working in rural areas: Conference paper,https://pureportal.coventry.ac.uk/en/publications/negotiating-gender-equality-in-the-united-nations-declaration-on-the-rights-of-peasants-and-other-people-working-in-rural-areas:-conference-paper,"Claeys, P.",https://pureportal.coventry.ac.uk/en/persons/priscilla-claeys,2019
gender equality,5,Transport Innovation Gender Observatory,https://pureportal.coventry.ac.uk/en/publications/transport-innovation-gender-observatory,"Woodcock, A.",https://pureportal.coventry.ac.uk/en/persons/andree-woodcock,28 Mar 2022
gender equality,6,"Religion, Gender and Citizenship","https://pureportal.coventry.ac.uk/en/publications/religion,-gender-and-citizenship","van den Brandt, N.",https://pureportal.coventry.ac.uk/en/persons/nella-van-den-brandt,Nov 2017
gender equality,7,"Editorial Introduction — Migration and (In)Equality in the Global South: Intersections, Contestations and Possibilities","https://pureportal.coventry.ac.uk/en/publications/editorial-introduction-—-migration-and-(in)equality-in-the-global-south:-intersections,-contestations-and-possibilities","Crawley, H.",https://pureportal.coventry.ac.uk/en/persons/heaven-crawley,13 Jun 2022
gender equality,8,Gender and Diversity Action Planning (GaDAP) in the transport sector: Gender smart mobility for smart cities,https://pureportal.coventry.ac.uk/en/publications/gender-and-diversity-action-planning-(gadap)-in-the-transport-sector:-gender-smart-mobility-for-smart-cities,"Woodcock, A.",https://pureportal.coventry.ac.uk/en/persons/andree-woodcock,30 May 2022
gender equality,9,Redesigning HE outreach activities for the gender gap,https://pureportal.coventry.ac.uk/en/publications/redesigning-he-outreach-activities-for-the-gender-gap,"Lambert, C.",https://pureportal.coventry.ac.uk/en/persons/caroline-lambert-lambert,12 Apr 2012
gender equality,10,Religious organizations and the impact of human rights and equality laws in England and Wales,https://pureportal.coventry.ac.uk/en/publications/religious-organizations-and-the-impact-of-human-rights-and-equality-laws-in-england-and-wales,"Cheruvallil-Contractor, S., Weller, P.","https://pureportal.coventry.ac.uk/en/persons/sariya-cheruvallil-contractor, https://pureportal.coventry.ac.uk/en/persons/paul-weller",2017
gender equality,11,"Leadership in SMEs: Gender, Nationality and Firm Performance","https://pureportal.coventry.ac.uk/en/publications/leadership-in-smes:-gender,-nationality-and-firm-performance","Puntaier, E.",https://pureportal.coventry.ac.uk/en/persons/elmar-puntaier,28 Oct 2021
gender equality,12,Gender,https://pureportal.coventry.ac.uk/en/publications/gender,"Evans, A.",https://pureportal.coventry.ac.uk/en/persons/ady-evans,12 Apr 2017
gender equality,13,Increasing gender sensitivity with codesign,https://pureportal.coventry.ac.uk/en/publications/increasing-gender-sensitivity-with-codesign,"Woodcock, A., Magee, P.","https://pureportal.coventry.ac.uk/en/persons/andree-woodcock, https://pureportal.coventry.ac.uk/en/persons/paul-magee",29 Apr 2022
gender equality,14,Gender Empowerment and Women Domestic Workers in Pakistan,https://pureportal.coventry.ac.uk/en/publications/gender-empowerment-and-women-domestic-workers-in-pakistan,"Shahid, A.",https://pureportal.coventry.ac.uk/en/persons/ayesha-shahid,2015
gender equality,15,Is Maritime Security Gender-blind?,https://pureportal.coventry.ac.uk/en/publications/is-maritime-security-gender-blind?,"Chapsos, I.",https://pureportal.coventry.ac.uk/en/persons/ioannis-chapsos,Jan 2023
gender equality,16,How can Gender Smart Mobility become a More Intersectional form of Mobility Justice,https://pureportal.coventry.ac.uk/en/publications/how-can-gender-smart-mobility-become-a-more-intersectional-form-of-mobility-justice,"Woodcock, A.",https://pureportal.coventry.ac.uk/en/persons/andree-woodcock,29 Apr 2022
gender equality,17,Researching gender on the move: TubeCrush as postfeminist intimate publics,https://pureportal.coventry.ac.uk/en/publications/researching-gender-on-the-move:-tubecrush-as-postfeminist-intimate-publics,"Evans, A.",https://pureportal.coventry.ac.uk/en/persons/ady-evans,8 Feb 2018
gender equality,18,Elite Women and Gender-Based Violence in Late Roman Italy,https://pureportal.coventry.ac.uk/en/publications/elite-women-and-gender-based-violence-in-late-roman-italy,"Leonard, V.",https://pureportal.coventry.ac.uk/en/persons/victoria-leonard,Sept 2023
gender equality,19,Female board Directors’ resilience against gender discrimination,https://pureportal.coventry.ac.uk/en/publications/female-board-directors’-resilience-against-gender-discrimination,"Goyal, R.",https://pureportal.coventry.ac.uk/en/persons/rita-goyal,Jan 2023
gender equality,20,"Gender, Nutrition, and the Human Right to Adequate Food","https://pureportal.coventry.ac.uk/en/publications/gender,-nutrition,-and-the-human-right-to-adequate-food","Lemke, S. (ed.)",https://pureportal.coventry.ac.uk/en/persons/stefanie-lemke,2016
gender equality,21,"Gender, persecution and the concept of politics in the asylum determination process","https://pureportal.coventry.ac.uk/en/publications/gender,-persecution-and-the-concept-of-politics-in-the-asylum-determination-process","Crawley, H.",https://pureportal.coventry.ac.uk/en/persons/heaven-crawley,2000
gender equality,22,TInnGO: Challenging Gender Inequality in Smart Mobility,https://pureportal.coventry.ac.uk/en/publications/tinngo:-challenging-gender-inequality-in-smart-mobility,"Woodcock, A.",https://pureportal.coventry.ac.uk/en/persons/andree-woodcock,22 Jun 2020
gender equality,23,CEO Pay – Is My Pay dependent on My Gender?,https://pureportal.coventry.ac.uk/en/publications/ceo-pay-–-is-my-pay-dependent-on-my-gender?,"Maycock, E.",https://pureportal.coventry.ac.uk/en/persons/eno-maycock,25 Aug 2017
gender equality,24,Applying a Systemic Approach to Gender Transport Poverty: Pakistan in Context,https://pureportal.coventry.ac.uk/en/publications/applying-a-systemic-approach-to-gender-transport-poverty:-pakistan-in-context,"Woodcock, A.",https://pureportal.coventry.ac.uk/en/persons/andree-woodcock,17 Dec 2020
gender equality,25,"Gender, Nutrition and the Human Right to Adequate Food. Toward an Inclusive Framework Book Review","https://pureportal.coventry.ac.uk/en/publications/gender,-nutrition-and-the-human-right-to-adequate-food.-toward-an-inclusive-framework-book-review","Claeys, P.",https://pureportal.coventry.ac.uk/en/persons/priscilla-claeys,May 2017
gender equality,26,Women Initiatives and the fight against Gender Based Violence in the Great Lakes Region,https://pureportal.coventry.ac.uk/en/publications/women-initiatives-and-the-fight-against-gender-based-violence-in-the-great-lakes-region,"Sentama, E.",https://pureportal.coventry.ac.uk/en/persons/ezechiel-sentama,2015
gender equality,27,"Gender, Masculinity and Video Gaming: Analysing Reddit's r/gaming Community","https://pureportal.coventry.ac.uk/en/publications/gender,-masculinity-and-video-gaming:-analysing-reddit's-r/gaming-community","Maloney, M.",https://pureportal.coventry.ac.uk/en/persons/marcus-maloney,2019
gender equality,28,Tackling gender inequality: the challenges facing the universal application of CEDAW across ratifying states,https://pureportal.coventry.ac.uk/en/publications/tackling-gender-inequality:-the-challenges-facing-the-universal-application-of-cedaw-across-ratifying-states,"Masud, M.",https://pureportal.coventry.ac.uk/en/persons/mahmoud-masud,2016
gender equality,29,"Gender, diversity and representation in automotive and transport design undergraduate courses","https://pureportal.coventry.ac.uk/en/publications/gender,-diversity-and-representation-in-automotive-and-transport-design-undergraduate-courses","Woodcock, A.",https://pureportal.coventry.ac.uk/en/persons/andree-woodcock,21 Jun 2021
gender equality,30,Prioritising patients for renal transplantation? Analysis of patient preferences for kidney allocation according to ethnicity and gender,https://pureportal.coventry.ac.uk/en/publications/prioritising-patients-for-renal-transplantation?-analysis-of-patient-preferences-for-kidney-allocation-according-to-ethnicity-and-gender,"Szczepura, A.",https://pureportal.coventry.ac.uk/en/persons/ala-szczepura,12 Jun 2009
gender equality,31,Personal Reflections on working with Survivors of Sexual and Gender-based Violence and Torture in Uganda,https://pureportal.coventry.ac.uk/en/publications/personal-reflections-on-working-with-survivors-of-sexual-and-gender-based-violence-and-torture-in-uganda,"Liebling, H.",https://pureportal.coventry.ac.uk/en/persons/helen-liebling,16 Sept 2018
gender equality,32,"The psychological effects of gender-based violence following armed conflict in Luwero district, Uganda","https://pureportal.coventry.ac.uk/en/publications/the-psychological-effects-of-gender-based-violence-following-armed-conflict-in-luwero-district,-uganda","Liebling, H.",https://pureportal.coventry.ac.uk/en/persons/helen-liebling,1 Nov 2002
gender equality,33,Bridging nutrition and agriculture. Local food-livelihood systems and food governance including a gender perspective,https://pureportal.coventry.ac.uk/en/publications/bridging-nutrition-and-agriculture.-local-food-livelihood-systems-and-food-governance-including-a-gender-perspective,"Lemke, S.",https://pureportal.coventry.ac.uk/en/persons/stefanie-lemke,2011
gender equality,34,Christian university students' attitudes to gender: Constructing Everyday Theologies in a Post-Feminist Climate,https://pureportal.coventry.ac.uk/en/publications/christian-university-students'-attitudes-to-gender:-constructing-everyday-theologies-in-a-post-feminist-climate,"Aune, K.",https://pureportal.coventry.ac.uk/en/persons/kristin-aune,23 Feb 2019
gender equality,35,Gender and Intergenerational Challenges to Women's Economic Empowerment Initiatives in Rwanda,https://pureportal.coventry.ac.uk/en/publications/gender-and-intergenerational-challenges-to-women's-economic-empowerment-initiatives-in-rwanda,"Barrett, H.",https://pureportal.coventry.ac.uk/en/persons/hazel-barrett,Sept 2021
gender equality,36,Diamonds are a girl’s best friend…? Examining Gender and Careers in the Jewellery Industry,https://pureportal.coventry.ac.uk/en/publications/diamonds-are-a-girl’s-best-friend…?-examining-gender-and-careers-in-the-jewellery-industry,"Ferreira, J.",https://pureportal.coventry.ac.uk/en/persons/jennifer-ferreira,1 May 2017
gender equality,37,"Womenpreneurs: The shift from Corporate Management to Entrepreneurship: The Gender Pay Gap, Glass Ceiling Effect and Entrepreneurial Choice","https://pureportal.coventry.ac.uk/en/publications/womenpreneurs:-the-shift-from-corporate-management-to-entrepreneurship:-the-gender-pay-gap,-glass-ceiling-effect-and-entrepreneurial-choice","Hoyte, C.",https://pureportal.coventry.ac.uk/en/persons/cherisse-hoyte,29 May 2012
gender equality,38,Gender and domestic abuse victimisation among churchgoers in north west England: breaking the church’s gendered silence,https://pureportal.coventry.ac.uk/en/publications/gender-and-domestic-abuse-victimisation-among-churchgoers-in-north-west-england:-breaking-the-church’s-gendered-silence,"Aune, K.",https://pureportal.coventry.ac.uk/en/persons/kristin-aune,1 Jun 2021
gender equality,39,The Role of Women’s Movements in the Implementation of Gender-Based Violence Laws,https://pureportal.coventry.ac.uk/en/publications/the-role-of-women’s-movements-in-the-implementation-of-gender-based-violence-laws,"Crawford, G.",https://pureportal.coventry.ac.uk/en/persons/gordon-crawford,1 Sept 2021
gender equality,40,Women war survivors of the 1989-2003 conflict in Liberia: the impact of sexual and gender-based violence,https://pureportal.coventry.ac.uk/en/publications/women-war-survivors-of-the-1989-2003-conflict-in-liberia:-the-impact-of-sexual-and-gender-based-violence,"Liebling-Kalifani, H.",https://pureportal.coventry.ac.uk/en/persons/helen-liebling,2011
gender equality,41,"Gender and critical media: Information literacy in digial age – Kenya, South Africa and Nigeria","https://pureportal.coventry.ac.uk/en/publications/gender-and-critical-media:-information-literacy-in-digial-age-–-kenya,-south-africa-and-nigeria","Mudhai, O. F., Wright, B.","https://pureportal.coventry.ac.uk/en/persons/fred-mudhai, https://pureportal.coventry.ac.uk/en/persons/bianca-wright",1 Sept 2016
gender equality,42,Age and Gender Differences in Young People's Perceptions of Sport Participants.,https://pureportal.coventry.ac.uk/en/publications/age-and-gender-differences-in-young-people's-perceptions-of-sport-participants.,"Berman-Roberts, E.",https://pureportal.coventry.ac.uk/en/persons/eryn-berman-roberts,31 Jul 2006
gender equality,43,"Saving Brown Women from Brown Men? “Refugee Women”, Gender and the Racialised Politics of Protection","https://pureportal.coventry.ac.uk/en/publications/saving-brown-women-from-brown-men?-“refugee-women”,-gender-and-the-racialised-politics-of-protection","Crawley, H.",https://pureportal.coventry.ac.uk/en/persons/heaven-crawley,1 Sept 2022
gender equality,44,“The feminist lobby would get their plain knickers in a twist”: TubeCrush and gender politics in transit,https://pureportal.coventry.ac.uk/en/publications/“the-feminist-lobby-would-get-their-plain-knickers-in-a-twist”:-tubecrush-and-gender-politics-in-transit,"Evans, A.",https://pureportal.coventry.ac.uk/en/persons/ady-evans,12 Jul 2018
gender equality,45,Realising gender and diversity sensitive smart mobility futures using IdLabs (at a distance): the TInnGO experience.,https://pureportal.coventry.ac.uk/en/publications/realising-gender-and-diversity-sensitive-smart-mobility-futures-using-idlabs-(at-a-distance):-the-tinngo-experience.,"Woodcock, A.",https://pureportal.coventry.ac.uk/en/persons/andree-woodcock,21 Jun 2021
gender equality,46,Figures of a Gender Now Upon Us: The Transfeminine in Contemporary Queer Fiction from the Philippines,https://pureportal.coventry.ac.uk/en/publications/figures-of-a-gender-now-upon-us:-the-transfeminine-in-contemporary-queer-fiction-from-the-philippines,"Jacobo, J.",https://pureportal.coventry.ac.uk/en/persons/jaya-jacobo,1 Jan 2022
gender equality,47,Unbounded Ergonomics: Addressing the Wicked Problem of Gender Transport Poverty in Karachi through the Application of the Hexagon -Spindle Model,https://pureportal.coventry.ac.uk/en/publications/unbounded-ergonomics:-addressing-the-wicked-problem-of-gender-transport-poverty-in-karachi-through-the-application-of-the-hexagon--spindle-model,"Woodcock, A., Osmond, J.","https://pureportal.coventry.ac.uk/en/persons/andree-woodcock, https://pureportal.coventry.ac.uk/en/persons/jane-osmond",18 May 2021
gender equality,48,Understanding gender and diversity sensitive smart mobility needs without access to users: The impact of COVID-19 pandemic on TInnGO design outcomes,https://pureportal.coventry.ac.uk/en/publications/understanding-gender-and-diversity-sensitive-smart-mobility-needs-without-access-to-users:-the-impact-of-covid-19-pandemic-on-tinngo-design-outcomes,"Magee, P., Woodcock, A.","https://pureportal.coventry.ac.uk/en/persons/paul-magee, https://pureportal.coventry.ac.uk/en/persons/andree-woodcock",18 Mar 2022
gender equality,49,Service Responses for Survivors of Conflict and Post-Conflict Sexual and Gender-Based Violence and Torture in the Great Lakes Region: Global Health and Security: Critical Feminist Perspectives,https://pureportal.coventry.ac.uk/en/publications/service-responses-for-survivors-of-conflict-and-post-conflict-sexual-and-gender-based-violence-and-torture-in-the-great-lakes-region:-global-health-and-security:-critical-feminist-perspectives,"Liebling, H.",https://pureportal.coventry.ac.uk/en/persons/helen-liebling,13 Mar 2018
gender equality,50,South Sudanese Refugee Survivors of Sexual and Gender-Based Violence and Torture: Health and Justice Service Responses in Northern Uganda,https://pureportal.coventry.ac.uk/en/publications/south-sudanese-refugee-survivors-of-sexual-and-gender-based-violence-and-torture:-health-and-justice-service-responses-in-northern-uganda,"Liebling, H., Barrett, H.","https://pureportal.coventry.ac.uk/en/persons/helen-liebling, https://pureportal.coventry.ac.uk/en/persons/hazel-barrett",5 Mar 2020
gender equality,51,Sexual and Gender-Based Violence and torture experiences of Sudanese refugees in Northern Uganda: health and justice responses,https://pureportal.coventry.ac.uk/en/publications/sexual-and-gender-based-violence-and-torture-experiences-of-sudanese-refugees-in-northern-uganda:-health-and-justice-responses,"Liebling, H., Barrett, H.","https://pureportal.coventry.ac.uk/en/persons/helen-liebling, https://pureportal.coventry.ac.uk/en/persons/hazel-barrett",10 Dec 2020
gender equality,52,Social enterprise groups for South Sudanese refugee survivors of sexual and gender-based violence and torture living in refugee settlements in Northern Uganda.,https://pureportal.coventry.ac.uk/en/publications/social-enterprise-groups-for-south-sudanese-refugee-survivors-of-sexual-and-gender-based-violence-and-torture-living-in-refugee-settlements-in-northern-uganda.,"Liebling, H., Barrett, H.","https://pureportal.coventry.ac.uk/en/persons/helen-liebling, https://pureportal.coventry.ac.uk/en/persons/hazel-barrett",3 Aug 2021
gender equality,53,[En]gendering international refugee protection: are we there yet?,https://pureportal.coventry.ac.uk/en/publications/[en]gendering-international-refugee-protection:-are-we-there-yet?,"Crawley, H.",https://pureportal.coventry.ac.uk/en/persons/heaven-crawley,Feb 2016
gender equality,54,TInnGO tools,https://pureportal.coventry.ac.uk/en/publications/tinngo-tools,"Woodcock, A., Magee, P.","https://pureportal.coventry.ac.uk/en/persons/andree-woodcock, https://pureportal.coventry.ac.uk/en/persons/paul-magee",21 Sept 2022
gender equality,55,Queen Bees: How is female managers' happiness determined?,https://pureportal.coventry.ac.uk/en/publications/queen-bees:-how-is-female-managers'-happiness-determined?,"Lockyer, J.",https://pureportal.coventry.ac.uk/en/persons/joan-lockyer,16 Feb 2022
gender equality,56,‘They/them’ in the birth room,https://pureportal.coventry.ac.uk/en/publications/‘they/them’-in-the-birth-room,"Pezaro, S.",https://pureportal.coventry.ac.uk/en/persons/sally-pezaro,2 Nov 2019
gender equality,57,Perinatal Care For Trans And Non-Binary People Birthing In Heteronormative ‘Maternity’ Services: Experiences And Educational Needs Of Professionals,https://pureportal.coventry.ac.uk/en/publications/perinatal-care-for-trans-and-non-binary-people-birthing-in-heteronormative-‘maternity’-services:-experiences-and-educational-needs-of-professionals,"Pezaro, S., Pearce, G., Jowett, A.","https://pureportal.coventry.ac.uk/en/persons/sally-pezaro, https://pureportal.coventry.ac.uk/en/persons/gemma-pearce, https://pureportal.coventry.ac.uk/en/persons/adam-jowett",Feb 2023
gender equality,58,"“Of Age-Off School”: Sexual Maturation, Girls’ Education and Capabilities","https://pureportal.coventry.ac.uk/en/publications/“of-age-off-school”:-sexual-maturation,-girls’-education-and-capabilities","Ogamba, I.",https://pureportal.coventry.ac.uk/en/persons/ike-ogamba,1 Apr 2019
gender equality,59,Engendering the state in refugee women's claims for asylum,https://pureportal.coventry.ac.uk/en/publications/engendering-the-state-in-refugee-women's-claims-for-asylum,"Crawley, H.",https://pureportal.coventry.ac.uk/en/persons/heaven-crawley,2000
gender equality,60,#TimesUp for Siri and Alexa: Sexual Violence and the Gendered Hospitality of the Digital Domestic,https://pureportal.coventry.ac.uk/en/publications/#timesup-for-siri-and-alexa:-sexual-violence-and-the-gendered-hospitality-of-the-digital-domestic,"Balfour, L.",https://pureportal.coventry.ac.uk/en/persons/lindsay-balfour,May 2022
gender equality,61,TinnGO Living Labs,https://pureportal.coventry.ac.uk/en/publications/tinngo-living-labs,"Woodcock, A., Magee, P.","https://pureportal.coventry.ac.uk/en/persons/andree-woodcock, https://pureportal.coventry.ac.uk/en/persons/paul-magee",22 Sept 2022
gender equality,62,Food sovereignty and convergence spaces,https://pureportal.coventry.ac.uk/en/publications/food-sovereignty-and-convergence-spaces,"Claeys, P.",https://pureportal.coventry.ac.uk/en/persons/priscilla-claeys,Nov 2019
gender equality,63,Transcending Gendered Norms of Leadership in Higher Education: How Women do it,https://pureportal.coventry.ac.uk/en/publications/transcending-gendered-norms-of-leadership-in-higher-education:-how-women-do-it,"Hoyte, C.",https://pureportal.coventry.ac.uk/en/persons/cherisse-hoyte,12 Apr 2018
gender equality,64,"The Mediation of Sustainability: Development Goals, Social Movements, and Public Dissent","https://pureportal.coventry.ac.uk/en/publications/the-mediation-of-sustainability:-development-goals,-social-movements,-and-public-dissent","Harbisher, B.",https://pureportal.coventry.ac.uk/en/persons/ben-harbisher,1 Mar 2023
gender equality,65,"Review of Reading, Feminism, and Spirituality: Troubling the Waves, by Dawn Llewellyn","https://pureportal.coventry.ac.uk/en/publications/review-of-reading,-feminism,-and-spirituality:-troubling-the-waves,-by-dawn-llewellyn","van den Brandt, N.",https://pureportal.coventry.ac.uk/en/persons/nella-van-den-brandt,2017
gender equality,66,"'A Man, and a Good Man’: Youth and Misdirection in William Faulkner’s The Reivers.","https://pureportal.coventry.ac.uk/en/publications/'a-man,-and-a-good-man’:-youth-and-misdirection-in-william-faulkner’s-the-reivers.","Lennon, G.",https://pureportal.coventry.ac.uk/en/persons/gavan-lennon,2012
gender equality,67,Women Entrepreneurship in South Africa: Understanding the role of Competencies in Business Success,https://pureportal.coventry.ac.uk/en/publications/women-entrepreneurship-in-south-africa:-understanding-the-role-of-competencies-in-business-success,"Irene, B.",https://pureportal.coventry.ac.uk/en/persons/bridget-irene,27 Sept 2017
gender equality,68,The gendered nature of self-help,https://pureportal.coventry.ac.uk/en/publications/the-gendered-nature-of-self-help,"Evans, A.",https://pureportal.coventry.ac.uk/en/persons/ady-evans,1 Feb 2019
gender equality,69,"Women and Power in the British Museum: (B.) Crerar Feminine Power. The Divine to the Demonic. Pp. 272, colour ills. London: The British Museum, 2022. Paper, £25. ISBN: 978-0-7141-5130-4.","https://pureportal.coventry.ac.uk/en/publications/women-and-power-in-the-british-museum:-(b.)-crerar-feminine-power.-the-divine-to-the-demonic.-pp.-272,-colour-ills.-london:-the-british-museum,-2022.-paper,-£25.-isbn:-978-0-7141-5130-4.","Leonard, V.",https://pureportal.coventry.ac.uk/en/persons/victoria-leonard,14 Sept 2022
gender equality,70,A process evaluation of implementing a community based therapeutic trauma recovery intervention for children exposed to domestic violence,https://pureportal.coventry.ac.uk/en/publications/a-process-evaluation-of-implementing-a-community-based-therapeutic-trauma-recovery-intervention-for-children-exposed-to-domestic-violence,"Carter, G.",https://pureportal.coventry.ac.uk/en/persons/grace-carter,2015
gender equality,71,"The Bakla, The Agi: Our Genders Which Are Not One","https://pureportal.coventry.ac.uk/en/publications/the-bakla,-the-agi:-our-genders-which-are-not-one","Jacobo, J.",https://pureportal.coventry.ac.uk/en/persons/jaya-jacobo,Jul 2019
gender equality,72,Documenting Conversion: Framings of Female Converts to Islam in British and Swiss documentaries,https://pureportal.coventry.ac.uk/en/publications/documenting-conversion:-framings-of-female-converts-to-islam-in-british-and-swiss-documentaries,"van den Brandt, N.",https://pureportal.coventry.ac.uk/en/persons/nella-van-den-brandt,1 Nov 2021
gender equality,73,EVERYDAY HARASSMENT and WOMEN’S MOBILITY,https://pureportal.coventry.ac.uk/en/publications/everyday-harassment-and-women’s-mobility,"Osmond, J., Woodcock, A.","https://pureportal.coventry.ac.uk/en/persons/jane-osmond, https://pureportal.coventry.ac.uk/en/persons/andree-woodcock",2015
gender equality,74,Challenges to women’s mobility and access to public transportation in Malaysia,https://pureportal.coventry.ac.uk/en/publications/challenges-to-women’s-mobility-and-access-to-public-transportation-in-malaysia,"Woodcock, A.",https://pureportal.coventry.ac.uk/en/persons/andree-woodcock,10 May 2019
gender equality,75,Bas Harfi F,https://pureportal.coventry.ac.uk/en/publications/bas-harfi-f,"Aune, K.",https://pureportal.coventry.ac.uk/en/persons/kristin-aune,2012
gender equality,76,A gendered analysis of the experiences of Ugandan women war survivors,https://pureportal.coventry.ac.uk/en/publications/a-gendered-analysis-of-the-experiences-of-ugandan-women-war-survivors,"Liebling, H.",https://pureportal.coventry.ac.uk/en/persons/helen-liebling,2009
gender equality,77,Water projects and women's empowerment,https://pureportal.coventry.ac.uk/en/publications/water-projects-and-women's-empowerment,"Joshi, D.",https://pureportal.coventry.ac.uk/en/persons/deepa-joshi,2001
gender equality,78,Third-wave feminism and the university: On pedagogy and feminist resurgence,https://pureportal.coventry.ac.uk/en/publications/third-wave-feminism-and-the-university:-on-pedagogy-and-feminist-resurgence,"Aune, K.",https://pureportal.coventry.ac.uk/en/persons/kristin-aune,2013
gender equality,79,Feminist Spirituality as Lived Religion: How UK Feminists Forge Religio-spiritual Lives,https://pureportal.coventry.ac.uk/en/publications/feminist-spirituality-as-lived-religion:-how-uk-feminists-forge-religio-spiritual-lives,"Aune, K.",https://pureportal.coventry.ac.uk/en/persons/kristin-aune,1 Feb 2015
gender equality,80,Changing the lives of children: A process evaluation of resilience building intervention programmes for children and young people who have witnessed domestic violence,https://pureportal.coventry.ac.uk/en/publications/changing-the-lives-of-children:-a-process-evaluation-of-resilience-building-intervention-programmes-for-children-and-young-people-who-have-witnessed-domestic-violence,"Carter, G.",https://pureportal.coventry.ac.uk/en/persons/grace-carter,2015
gender equality,81,Let Us Eat Cake,https://pureportal.coventry.ac.uk/en/publications/let-us-eat-cake,"Luvera, A.",https://pureportal.coventry.ac.uk/en/persons/anthony-luvera,2017
gender equality,82,"Feminisme, Religie en Seculariteit: Een Ambivalente Relatie in de Context van de Nederlandstalige Vrouwenbeweging in België","https://pureportal.coventry.ac.uk/en/publications/feminisme,-religie-en-seculariteit:-een-ambivalente-relatie-in-de-context-van-de-nederlandstalige-vrouwenbeweging-in-belgië","van den Brandt, N.",https://pureportal.coventry.ac.uk/en/persons/nella-van-den-brandt,2013
gender equality,83,Independent Domestic Violence Advocates: Perceptions of Service Users,https://pureportal.coventry.ac.uk/en/publications/independent-domestic-violence-advocates:-perceptions-of-service-users,"Roscoe, K.",https://pureportal.coventry.ac.uk/en/persons/karen-roscoe,7 Jul 2011
gender equality,84,Women's Liberation Movement@40 conference review,https://pureportal.coventry.ac.uk/en/publications/women's-liberation-movement@40-conference-review,"Aune, K.",https://pureportal.coventry.ac.uk/en/persons/kristin-aune,2011
gender equality,85,Lad culture as a sticky atmosphere: Navigating sexism and misogyny in the UK's student-centred nighttime economy,https://pureportal.coventry.ac.uk/en/publications/lad-culture-as-a-sticky-atmosphere:-navigating-sexism-and-misogyny-in-the-uk's-student-centred-nighttime-economy,"Evans, A.",https://pureportal.coventry.ac.uk/en/persons/ady-evans,3 May 2020
gender equality,86,Sexual Violence against Women in Northern Uganda: The Neglected Health Consequences of War,https://pureportal.coventry.ac.uk/en/publications/sexual-violence-against-women-in-northern-uganda:-the-neglected-health-consequences-of-war,"Liebling, H.",https://pureportal.coventry.ac.uk/en/persons/helen-liebling,9 Jul 2009
gender equality,87,Non-invasive fetal sexing: medical test or a new tool for sex selection?,https://pureportal.coventry.ac.uk/en/publications/non-invasive-fetal-sexing:-medical-test-or-a-new-tool-for-sex-selection?,"Szczepura, A.",https://pureportal.coventry.ac.uk/en/persons/ala-szczepura,12 Oct 2010
gender equality,88,Beyond the Glass Ceiling—Do Women in Senior Positions Face a Precarious Glass Cliff?,https://pureportal.coventry.ac.uk/en/publications/beyond-the-glass-ceiling—do-women-in-senior-positions-face-a-precarious-glass-cliff?,"Szczepura, A.",https://pureportal.coventry.ac.uk/en/persons/ala-szczepura,Jun 2021
gender equality,89,Listening to the voices of children in their experiences of participating in a Domestic Violence recovery intervention: Implications for research and practice.,https://pureportal.coventry.ac.uk/en/publications/listening-to-the-voices-of-children-in-their-experiences-of-participating-in-a-domestic-violence-recovery-intervention:-implications-for-research-and-practice.,"Carter, G.",https://pureportal.coventry.ac.uk/en/persons/grace-carter,2017
gender equality,90,A History of Early Modern Women's Writing,https://pureportal.coventry.ac.uk/en/publications/a-history-of-early-modern-women's-writing,"Phillippy, P. (ed.)",https://pureportal.coventry.ac.uk/en/persons/patricia-phillippy,Jan 2018
gender equality,91,Women and refugee status: beyond the public/private dichotomy in UK asylum policy,https://pureportal.coventry.ac.uk/en/publications/women-and-refugee-status:-beyond-the-public/private-dichotomy-in-uk-asylum-policy,"Crawley, H.",https://pureportal.coventry.ac.uk/en/persons/heaven-crawley,1999
gender equality,92,Independent evaluation of the Lifeline family based domestic violence intervention programme,https://pureportal.coventry.ac.uk/en/publications/independent-evaluation-of-the-lifeline-family-based-domestic-violence-intervention-programme,"Carter, G.",https://pureportal.coventry.ac.uk/en/persons/grace-carter,2015
gender equality,93,"Krász Lilla, Pesti Brigitta, Seidler Andrea [szerk.] 2020. Medien, Orte, Rituale. Zur Kulturgeschichte weiblicher Kommunikation im Königreich Ungarn. Bécs: Praesens Verlag. ISBN-10: 3706910926.","https://pureportal.coventry.ac.uk/en/publications/krász-lilla,-pesti-brigitta,-seidler-andrea-[szerk.]-2020.-medien,-orte,-rituale.-zur-kulturgeschichte-weiblicher-kommunikation-im-königreich-ungarn.-bécs:-praesens-verlag.-isbn-10:-3706910926.","Hacsek, Z.",https://pureportal.coventry.ac.uk/en/persons/zsofia-hacsek,25 Dec 2021
gender equality,94,Perceptions of a recovery intervention for children who have experienced domestic violence: A case study from the North of England.,https://pureportal.coventry.ac.uk/en/publications/perceptions-of-a-recovery-intervention-for-children-who-have-experienced-domestic-violence:-a-case-study-from-the-north-of-england.,"Carter, G.",https://pureportal.coventry.ac.uk/en/persons/grace-carter,2017
gender equality,95,"Gendered Domestic Violence and Abuse in Popular Culture, Shulamit Ramon, Michele Lloyd and Bridget Penhale (eds)","https://pureportal.coventry.ac.uk/en/publications/gendered-domestic-violence-and-abuse-in-popular-culture,-shulamit-ramon,-michele-lloyd-and-bridget-penhale-(eds)","Mansuri, N.",https://pureportal.coventry.ac.uk/en/persons/nushra-mansuri,17 Sept 2022
gender equality,96,Pandemic Stories Report,https://pureportal.coventry.ac.uk/en/publications/pandemic-stories-report,"Leonard, V.",https://pureportal.coventry.ac.uk/en/persons/victoria-leonard,Oct 2022
gender equality,97,Sexual violence: A snapshot of those harming LGBT+ people,https://pureportal.coventry.ac.uk/en/publications/sexual-violence:-a-snapshot-of-those-harming-lgbt+-people,"West, S.",https://pureportal.coventry.ac.uk/en/persons/sarah-west,2 Feb 2023
gender equality,98,Post-divorce maintenance for Muslim women in Pakistan and Bangladesh: A comparative perspective,https://pureportal.coventry.ac.uk/en/publications/post-divorce-maintenance-for-muslim-women-in-pakistan-and-bangladesh:-a-comparative-perspective,"Shahid, A.",https://pureportal.coventry.ac.uk/en/persons/ayesha-shahid,Aug 2013
gender equality,99,Research Ethics and Conflict Related Sexual Violence - Interdisciplinary Workshop,https://pureportal.coventry.ac.uk/en/publications/research-ethics-and-conflict-related-sexual-violence---interdisciplinary-workshop,"Liebling, H.",https://pureportal.coventry.ac.uk/en/persons/helen-liebling,13 May 2014
gender equality,100,"Application of system dynamics modelling in evaluating sustainability of low-input ruminant farming systems in Eastern Cape Province, South Africa","https://pureportal.coventry.ac.uk/en/publications/application-of-system-dynamics-modelling-in-evaluating-sustainability-of-low-input-ruminant-farming-systems-in-eastern-cape-province,-south-africa","Bennett, J.",https://pureportal.coventry.ac.uk/en/persons/james-bennett,15 Dec 2020
gender equality,101,"Gays, Feminism, and Headscarves: The Shaping of Controversies in Public Debates in Flanders","https://pureportal.coventry.ac.uk/en/publications/gays,-feminism,-and-headscarves:-the-shaping-of-controversies-in-public-debates-in-flanders","van den Brandt, N.",https://pureportal.coventry.ac.uk/en/persons/nella-van-den-brandt,2017
gender equality,102,Plastic fantastic? Problematising post-feminism in erotic retailing in England,https://pureportal.coventry.ac.uk/en/publications/plastic-fantastic?-problematising-post-feminism-in-erotic-retailing-in-england,"Martin-Woodhead, A.",https://pureportal.coventry.ac.uk/en/persons/amber-martin-woodhead,8 Jul 2016
gender equality,103,LGBT+ People & Sexual Violence,https://pureportal.coventry.ac.uk/en/publications/lgbt+-people-&-sexual-violence,"West, S.",https://pureportal.coventry.ac.uk/en/persons/sarah-west,20 Apr 2022
gender equality,104,ForGet Me Not Project: Working Together Against FGM. A Resource of Information for Advice and Support,https://pureportal.coventry.ac.uk/en/publications/forget-me-not-project:-working-together-against-fgm.-a-resource-of-information-for-advice-and-support,"Kotecha, A.",https://pureportal.coventry.ac.uk/en/persons/aarti-kotecha,2007
gender equality,105,The Meanings and Impact of Feminism for Women in Northern Ireland,https://pureportal.coventry.ac.uk/en/publications/the-meanings-and-impact-of-feminism-for-women-in-northern-ireland,"Percy, C.",https://pureportal.coventry.ac.uk/en/persons/carol-percy,1 Sept 1994
gender equality,106,Navigating the Criminal Justice System & Support Services as an LGBT+ Survivor of Sexual Violence,https://pureportal.coventry.ac.uk/en/publications/navigating-the-criminal-justice-system-&-support-services-as-an-lgbt+-survivor-of-sexual-violence,"West, S.",https://pureportal.coventry.ac.uk/en/persons/sarah-west,17 May 2022
gender equality,107,Reclaiming the F Word: Feminism Today,https://pureportal.coventry.ac.uk/en/publications/reclaiming-the-f-word:-feminism-today,"Aune, K.",https://pureportal.coventry.ac.uk/en/persons/kristin-aune,13 Jun 2013
gender equality,108,"Advancing Feminism Online: Online Tools, Visibility, and Women in Classics","https://pureportal.coventry.ac.uk/en/publications/advancing-feminism-online:-online-tools,-visibility,-and-women-in-classics","Leonard, V.",https://pureportal.coventry.ac.uk/en/persons/victoria-leonard,1 Mar 2019
gender equality,109,Barriers to women’s employment in the transport sector in Europe,https://pureportal.coventry.ac.uk/en/publications/barriers-to-women’s-employment-in-the-transport-sector-in-europe,"Woodcock, A.",https://pureportal.coventry.ac.uk/en/persons/andree-woodcock,22 May 2023
gender equality,110,Closedness and openness in Tehran; a feminist critique of Sennett,https://pureportal.coventry.ac.uk/en/publications/closedness-and-openness-in-tehran;-a-feminist-critique-of-sennett,"Alami Fariman, M.",https://pureportal.coventry.ac.uk/en/persons/mahsa-alami-fariman,6 Jul 2022
gender equality,111,Factors affecting the mobility of breastfeeding mums in public spaces,https://pureportal.coventry.ac.uk/en/publications/factors-affecting-the-mobility-of-breastfeeding-mums-in-public-spaces,"Evans, A., Woodcock, A., Nienaber, A-M.","https://pureportal.coventry.ac.uk/en/persons/ady-evans, https://pureportal.coventry.ac.uk/en/persons/andree-woodcock, https://pureportal.coventry.ac.uk/en/persons/ann-marie-nienaber",29 Apr 2022
gender equality,112,"Feminism, dietetics and realistic fitness: Can they be team players?","https://pureportal.coventry.ac.uk/en/publications/feminism,-dietetics-and-realistic-fitness:-can-they-be-team-players?","Aphramor, L.",https://pureportal.coventry.ac.uk/en/persons/lucy-aphramor,9 Nov 2017
gender equality,113,Representations of Religion on the British Feminist Webzine The F Word,https://pureportal.coventry.ac.uk/en/publications/representations-of-religion-on-the-british-feminist-webzine-the-f-word,"Aune, K.",https://pureportal.coventry.ac.uk/en/persons/kristin-aune,17 Dec 2015
gender equality,114,Power and civic action: mobilisation for human rights in developing societies,https://pureportal.coventry.ac.uk/en/publications/power-and-civic-action:-mobilisation-for-human-rights-in-developing-societies,"Crawford, G.",https://pureportal.coventry.ac.uk/en/persons/gordon-crawford,28 Apr 2023
gender equality,115,Transferable Processes For Increasing Diversity In Higher Education Institutes And Research Environments In Pakistan,https://pureportal.coventry.ac.uk/en/publications/transferable-processes-for-increasing-diversity-in-higher-education-institutes-and-research-environments-in-pakistan,"Woodcock, A., Gardner, S., Nienaber, A-M.","https://pureportal.coventry.ac.uk/en/persons/andree-woodcock, https://pureportal.coventry.ac.uk/en/persons/sheena-gardner, https://pureportal.coventry.ac.uk/en/persons/ann-marie-nienaber",8 Mar 2023
gender equality,116,Motherhood as constructed by us: Muslim women’s negotiations from a space that is their own,https://pureportal.coventry.ac.uk/en/publications/motherhood-as-constructed-by-us:-muslim-women’s-negotiations-from-a-space-that-is-their-own,"Cheruvallil-Contractor, S.",https://pureportal.coventry.ac.uk/en/persons/sariya-cheruvallil-contractor,20 Jun 2016
gender equality,117,Overcoming the disconnect between women's rights and the right to adequate food,https://pureportal.coventry.ac.uk/en/publications/overcoming-the-disconnect-between-women's-rights-and-the-right-to-adequate-food,"Lemke, S.",https://pureportal.coventry.ac.uk/en/persons/stefanie-lemke,9 Sept 2012
gender equality,118,Editorial,https://pureportal.coventry.ac.uk/en/publications/editorial,"Tanna, S.",https://pureportal.coventry.ac.uk/en/persons/sailesh-tanna,2009
gender equality,119,"Young mothers’ experiences of power, control and violence within intimate and familial relationships","https://pureportal.coventry.ac.uk/en/publications/young-mothers’-experiences-of-power,-control-and-violence-within-intimate-and-familial-relationships","Brown, G.",https://pureportal.coventry.ac.uk/en/persons/geraldine-brown,2011
gender equality,120,Feminist solidarity? Women's engagement in politics and the implications for water management in the Darjeeling Himalaya,https://pureportal.coventry.ac.uk/en/publications/feminist-solidarity?-women's-engagement-in-politics-and-the-implications-for-water-management-in-the-darjeeling-himalaya,"Joshi, D.",https://pureportal.coventry.ac.uk/en/persons/deepa-joshi,Jun 2014
gender equality,121,Persistence and Resistance of Harmful Traditional Practices (HTPs) Perpetuated against Girls in Africa and Asia.,https://pureportal.coventry.ac.uk/en/publications/persistence-and-resistance-of-harmful-traditional-practices-(htps)-perpetuated-against-girls-in-africa-and-asia.,"Liebling, H., Barrett, H.","https://pureportal.coventry.ac.uk/en/persons/helen-liebling, https://pureportal.coventry.ac.uk/en/persons/hazel-barrett",28 Feb 2018
gender equality,122,Beteg Bánatos Bolond Béna Queer: Feminista sóvárgás a szenilitás után,https://pureportal.coventry.ac.uk/en/publications/beteg-bánatos-bolond-béna-queer:-feminista-sóvárgás-a-szenilitás-után,"Hacsek, Z.",https://pureportal.coventry.ac.uk/en/persons/zsofia-hacsek,7 Jan 2023
gender equality,123,Grow and Glow- International Day for the Elimination of Violence against Women 25 November,https://pureportal.coventry.ac.uk/en/publications/grow-and-glow--international-day-for-the-elimination-of-violence-against-women-25-november,"Cisneros, R. K.",https://pureportal.coventry.ac.uk/en/persons/rosamaria-kostic-cisneros,15 Nov 2020
gender equality,124,The State of Play between Managing Major Sports Events and Human Rights:  A Scoping Review,https://pureportal.coventry.ac.uk/en/publications/the-state-of-play-between-managing-major-sports-events-and-human-rights:--a-scoping-review,"Brittain, I.",https://pureportal.coventry.ac.uk/en/persons/ian-brittain,24 Mar 2023
gender equality,125,Microfinance banks and the economics empowerment of the small and medium scale enterpreneurs in Kwara State of Nigeria,https://pureportal.coventry.ac.uk/en/publications/microfinance-banks-and-the-economics-empowerment-of-the-small-and-medium-scale-enterpreneurs-in-kwara-state-of-nigeria,"Noah, A.",https://pureportal.coventry.ac.uk/en/persons/abdurafiu-noah,Dec 2011
gender equality,126,“Fuck off to the tampon bible”: Misrecognition and researcher intimacy in an online mapping of ‘lad culture’,https://pureportal.coventry.ac.uk/en/publications/“fuck-off-to-the-tampon-bible”:-misrecognition-and-researcher-intimacy-in-an-online-mapping-of-‘lad-culture’,"Evans, A.",https://pureportal.coventry.ac.uk/en/persons/ady-evans,1 Mar 2019
gender equality,127,Thematic Review on the Coverage of Women in Country of Origin Information (COI),https://pureportal.coventry.ac.uk/en/publications/thematic-review-on-the-coverage-of-women-in-country-of-origin-information-(coi),"Crawley, H.",https://pureportal.coventry.ac.uk/en/persons/heaven-crawley,2011
gender equality,128,Compulsory female sterilisation in Brazil: reproductive rights for whom?,https://pureportal.coventry.ac.uk/en/publications/compulsory-female-sterilisation-in-brazil:-reproductive-rights-for-whom?,"Barrett, H. R.",https://pureportal.coventry.ac.uk/en/persons/hazel-barrett,1 Mar 2022
gender equality,129,Experiences of Women War-Torture Survivors in Uganda: Implications for Health and Human Rights,https://pureportal.coventry.ac.uk/en/publications/experiences-of-women-war-torture-survivors-in-uganda:-implications-for-health-and-human-rights,"Liebling-Kalifani, H.",https://pureportal.coventry.ac.uk/en/persons/helen-liebling,May 2007
gender equality,130,Lived realities and local meaning-making in defining violent extremism in Kenya:  implications for preventing and countering violent extremism in policy and practice,https://pureportal.coventry.ac.uk/en/publications/lived-realities-and-local-meaning-making-in-defining-violent-extremism-in-kenya:--implications-for-preventing-and-countering-violent-extremism-in-policy-and-practice,"Jakala, M.",https://pureportal.coventry.ac.uk/en/persons/michaelina-jakala,2 Jan 2023
gender equality,131,"Feminist Practice and Solidarity in Secular Societies: Case Studies on Feminists Crossing Religious-Secular Divides in Politics and Practice in Antwerp, Belgium","https://pureportal.coventry.ac.uk/en/publications/feminist-practice-and-solidarity-in-secular-societies:-case-studies-on-feminists-crossing-religious-secular-divides-in-politics-and-practice-in-antwerp,-belgium","van den Brandt, N.",https://pureportal.coventry.ac.uk/en/persons/nella-van-den-brandt,2015
gender equality,132,'Getting by’ on 4chan: Feminine self-presentation and capital-claiming in antifeminist Web space,https://pureportal.coventry.ac.uk/en/publications/'getting-by’-on-4chan:-feminine-self-presentation-and-capital-claiming-in-antifeminist-web-space,"Fathallah, J. M.",https://pureportal.coventry.ac.uk/en/persons/judith-fathallah,19 May 2021
gender equality,133,"Women in Britain’s First Muslim Mosques: Hidden from History, but Not Without Influence","https://pureportal.coventry.ac.uk/en/publications/women-in-britain’s-first-muslim-mosques:-hidden-from-history,-but-not-without-influence","Cheruvallil-Contractor, S.",https://pureportal.coventry.ac.uk/en/persons/sariya-cheruvallil-contractor,28 Jan 2020
gender equality,134,Reclaiming the F Word: The New Feminist Movement,https://pureportal.coventry.ac.uk/en/publications/reclaiming-the-f-word:-the-new-feminist-movement,"Aune, K.",https://pureportal.coventry.ac.uk/en/persons/kristin-aune,2010
gender equality,135,Reflections on Research with Survivors of Female Genital Mutilation,https://pureportal.coventry.ac.uk/en/publications/reflections-on-research-with-survivors-of-female-genital-mutilation,"Liebling, H.",https://pureportal.coventry.ac.uk/en/persons/helen-liebling,2017
gender equality,136,Domestic violence and weight gain during pregnancy,https://pureportal.coventry.ac.uk/en/publications/domestic-violence-and-weight-gain-during-pregnancy,"Rodrigues Amorim Adegboye, A.",https://pureportal.coventry.ac.uk/en/persons/amanda-r-a-adegboye,Jun 2004
gender equality,137,"ECVC Youth: Navigating Dreams & Precarity. Working and Learning Conditions of Young Agricultural Workers, Interns and Volunteers Across Europe.","https://pureportal.coventry.ac.uk/en/publications/ecvc-youth:-navigating-dreams-&-precarity.-working-and-learning-conditions-of-young-agricultural-workers,-interns-and-volunteers-across-europe.","Claeys, P., Van Dyck, B.","https://pureportal.coventry.ac.uk/en/persons/priscilla-claeys, https://pureportal.coventry.ac.uk/en/persons/barbara-van-dyck",1 Mar 2023
gender equality,138,Feminism Resurgent? Mapping Contemporary Feminist Activisms in Europe,https://pureportal.coventry.ac.uk/en/publications/feminism-resurgent?-mapping-contemporary-feminist-activisms-in-europe,"Aune, K.",https://pureportal.coventry.ac.uk/en/persons/kristin-aune,5 Nov 2015
gender equality,139,Domestic violence and weight gain during pregnancy,https://pureportal.coventry.ac.uk/en/publications/domestic-violence-and-weight-gain-during-pregnancy,"Rodrigues Amorim Adegboye, A.",https://pureportal.coventry.ac.uk/en/persons/amanda-r-a-adegboye,Jun 2004
gender equality,140,Feminism Resurgent? Mapping Contemporary Feminist Activisms in Europe,https://pureportal.coventry.ac.uk/en/publications/feminism-resurgent?-mapping-contemporary-feminist-activisms-in-europe,"Aune, K.",https://pureportal.coventry.ac.uk/en/persons/kristin-aune,5 Nov 2015
gender equality,141,Notes for a Performance – (Re) visioning a Smoky Meeting: Notes for a Performance – (Re) visioning a Smoky Meeting,https://pureportal.coventry.ac.uk/en/publications/notes-for-a-performance-–-(re)-visioning-a-smoky-meeting:-notes-for-a-performance-–-(re)-visioning-a-smoky-meeting,"Adkins, L. B.",https://pureportal.coventry.ac.uk/en/persons/louise-adkins,2 Feb 2018
gender equality,142,Microfinance and Poverty Reduction: The Case Study of Selected Institutions in the Greater Accra Region of Ghana,https://pureportal.coventry.ac.uk/en/publications/microfinance-and-poverty-reduction:-the-case-study-of-selected-institutions-in-the-greater-accra-region-of-ghana,"Darko, F.",https://pureportal.coventry.ac.uk/en/persons/francis-darko,2015
gender equality,143,A grounded theory investigation into the experiences of african women refugees: Effects on resilience and identity and implications for service provision,https://pureportal.coventry.ac.uk/en/publications/a-grounded-theory-investigation-into-the-experiences-of-african-women-refugees:-effects-on-resilience-and-identity-and-implications-for-service-provision,"Liebling-Kalifani, H.",https://pureportal.coventry.ac.uk/en/persons/helen-liebling,Mar 2012
gender equality,144,Duros and Gangland Girlfriends,https://pureportal.coventry.ac.uk/en/publications/duros-and-gangland-girlfriends,"Baird, A.",https://pureportal.coventry.ac.uk/en/persons/adam-baird,2015
gender equality,145,Marriage for The New Woman from The Lord's Resistance Army: experiences of female abductees in Acholi Region in Uganda',https://pureportal.coventry.ac.uk/en/publications/marriage-for-the-new-woman-from-the-lord's-resistance-army:-experiences-of-female-abductees-in-acholi-region-in-uganda',"Nthakomwa, M.",https://pureportal.coventry.ac.uk/en/persons/martin-nthakomwa,1 May 2018
gender equality,146,Board diversity as strategic choice and why it should matter to SMEs,https://pureportal.coventry.ac.uk/en/publications/board-diversity-as-strategic-choice-and-why-it-should-matter-to-smes,"Puntaier, E.",https://pureportal.coventry.ac.uk/en/persons/elmar-puntaier,6 Dec 2022
gender equality,147,The righteous outrage of post-truth anti-feminism: An analysis of TubeCrush and feminist research in and of public space,https://pureportal.coventry.ac.uk/en/publications/the-righteous-outrage-of-post-truth-anti-feminism:-an-analysis-of-tubecrush-and-feminist-research-in-and-of-public-space,"Evans, A.",https://pureportal.coventry.ac.uk/en/persons/ady-evans,Feb 2022
gender equality,148,"The Politics of Being Muslim and Female: Religion, Feminism and Hierarchies of Knowledge","https://pureportal.coventry.ac.uk/en/publications/the-politics-of-being-muslim-and-female:-religion,-feminism-and-hierarchies-of-knowledge","Cheruvallil-Contractor, S.",https://pureportal.coventry.ac.uk/en/persons/sariya-cheruvallil-contractor,18 Dec 2019
gender equality,149,Permeating the barriers between the individual and policy designers: a cross cultural study of women’s mobility,https://pureportal.coventry.ac.uk/en/publications/permeating-the-barriers-between-the-individual-and-policy-designers:-a-cross-cultural-study-of-women’s-mobility,"Woodcock, A.",https://pureportal.coventry.ac.uk/en/persons/andree-woodcock,25 Oct 2018
gender equality,150,Methodological Eclecticism: Feminist-Pragmatist Reflections on Re/centering Muslims in Research about Islam,https://pureportal.coventry.ac.uk/en/publications/methodological-eclecticism:-feminist-pragmatist-reflections-on-re/centering-muslims-in-research-about-islam,"Cheruvallil-Contractor, S.",https://pureportal.coventry.ac.uk/en/persons/sariya-cheruvallil-contractor,20 May 2021
gender equality,151,Childcare and Academia: an Intervention,https://pureportal.coventry.ac.uk/en/publications/childcare-and-academia:-an-intervention,"Moeller, N. I.",https://pureportal.coventry.ac.uk/en/persons/nina-moeller,1 Oct 2020
gender equality,152,GRTSB Schools Pledge Film QKA version,https://pureportal.coventry.ac.uk/en/publications/grtsb-schools-pledge-film-qka-version,"Cisneros, R. K.",https://pureportal.coventry.ac.uk/en/persons/rosamaria-kostic-cisneros,5 Dec 2022
gender equality,153,Ethics and Methodological Issues: Research and Training with Survivors of Conflict and post-Conflict Sexual Violence and Torture in Africa,https://pureportal.coventry.ac.uk/en/publications/ethics-and-methodological-issues:-research-and-training-with-survivors-of-conflict-and-post-conflict-sexual-violence-and-torture-in-africa,"Liebling, H.",https://pureportal.coventry.ac.uk/en/persons/helen-liebling,2016
gender equality,154,Inclusion & Intersectionality Podcast,https://pureportal.coventry.ac.uk/en/publications/inclusion-&-intersectionality-podcast,"Cisneros, R. K.",https://pureportal.coventry.ac.uk/en/persons/rosamaria-kostic-cisneros,1 Sept 2022
gender equality,155,Still bringing up the rear: Why women will always be ‘Other’ in entrepreneurship’s masculine instrumental discourse,https://pureportal.coventry.ac.uk/en/publications/still-bringing-up-the-rear:-why-women-will-always-be-‘other’-in-entrepreneurship’s-masculine-instrumental-discourse,"Lockyer, J., Hoyte, C., Dewitt, S.","https://pureportal.coventry.ac.uk/en/persons/joan-lockyer, https://pureportal.coventry.ac.uk/en/persons/cherisse-hoyte, https://pureportal.coventry.ac.uk/en/persons/sunita-dewitt",20 Feb 2018
gender equality,156,Moving past Franco’s Art and Censorship: The case of the female Flamenco dancer,https://pureportal.coventry.ac.uk/en/publications/moving-past-franco’s-art-and-censorship:-the-case-of-the-female-flamenco-dancer,"Cisneros, R.",https://pureportal.coventry.ac.uk/en/persons/rosamaria-kostic-cisneros,28 Apr 2023
gender equality,157,A Micro-Sociological Approach to Understanding the Impact of Unpaid Wages on Women’s Empowerment in the Context of Family Businesses,https://pureportal.coventry.ac.uk/en/publications/a-micro-sociological-approach-to-understanding-the-impact-of-unpaid-wages-on-women’s-empowerment-in-the-context-of-family-businesses,"Irene, B., Lockyer, J., Hoyte, C., Dewitt, S.","https://pureportal.coventry.ac.uk/en/persons/bridget-irene, https://pureportal.coventry.ac.uk/en/persons/joan-lockyer, https://pureportal.coventry.ac.uk/en/persons/cherisse-hoyte, https://pureportal.coventry.ac.uk/en/persons/sunita-dewitt",1 Apr 2022
gender equality,158,"Much less religious, a little more spiritual: The religious and spiritual views of third-wave feminists in the UK","https://pureportal.coventry.ac.uk/en/publications/much-less-religious,-a-little-more-spiritual:-the-religious-and-spiritual-views-of-third-wave-feminists-in-the-uk","Aune, K.",https://pureportal.coventry.ac.uk/en/persons/kristin-aune,2011
gender equality,159,A rapid review of violence risk assessment tools currently used along the emergency care pathway,https://pureportal.coventry.ac.uk/en/publications/a-rapid-review-of-violence-risk-assessment-tools-currently-used-along-the-emergency-care-pathway,"Lees-Deutsch, L.",https://pureportal.coventry.ac.uk/en/persons/liz-lees-deutsch,30 Sept 2022
gender equality,160,Muslim Women in Britain: De-Mystifying the Muslimah,https://pureportal.coventry.ac.uk/en/publications/muslim-women-in-britain:-de-mystifying-the-muslimah,"Cheruvallil-Contractor, S.",https://pureportal.coventry.ac.uk/en/persons/sariya-cheruvallil-contractor,3 Jul 2012
gender equality,161,Argentinean Women in Noir: Challenging Religious Discourses in Claudia Piñeiro’s Catedrales (2020),https://pureportal.coventry.ac.uk/en/publications/argentinean-women-in-noir:-challenging-religious-discourses-in-claudia-piñeiro’s-catedrales-(2020),"Rios Castano, V.",https://pureportal.coventry.ac.uk/en/persons/victoria-rios-castano,29 Mar 2023
gender equality,162,Narrative Social Work: key concepts,https://pureportal.coventry.ac.uk/en/publications/narrative-social-work:-key-concepts,"Roscoe, K.",https://pureportal.coventry.ac.uk/en/persons/karen-roscoe,15 Jul 2019
gender equality,163,The Impact of Technology-Facilitated Sexual Violence: A Literature Review of Qualitative Research,https://pureportal.coventry.ac.uk/en/publications/the-impact-of-technology-facilitated-sexual-violence:-a-literature-review-of-qualitative-research,"Carter, G.",https://pureportal.coventry.ac.uk/en/persons/grace-carter,Jan 2022
gender equality,164,Violence against women in northern Uganda: The neglected health consequences of war,https://pureportal.coventry.ac.uk/en/publications/violence-against-women-in-northern-uganda:-the-neglected-health-consequences-of-war,"Liebling-Kalifani, H.",https://pureportal.coventry.ac.uk/en/persons/helen-liebling,May 2008
gender equality,165,Muslim women's activism and organizations in the Netherlands and Belgium,https://pureportal.coventry.ac.uk/en/publications/muslim-women's-activism-and-organizations-in-the-netherlands-and-belgium,"van den Brandt, N.",https://pureportal.coventry.ac.uk/en/persons/nella-van-den-brandt,1 Dec 2020
gender equality,166,What women want: Barriers to female entrepreneurship in the West Midlands,https://pureportal.coventry.ac.uk/en/publications/what-women-want:-barriers-to-female-entrepreneurship-in-the-west-midlands,"Lockyer, J.",https://pureportal.coventry.ac.uk/en/persons/joan-lockyer,15 Jan 2012
gender equality,167,A Micro-Sociological Approach to Understanding the impact of Unpaid Wages on Women’s Empowerment in the Context of Family Businesses.,https://pureportal.coventry.ac.uk/en/publications/a-micro-sociological-approach-to-understanding-the-impact-of-unpaid-wages-on-women’s-empowerment-in-the-context-of-family-businesses.,"Irene, B., Lockyer, J., Hoyte, C., Dewitt, S.","https://pureportal.coventry.ac.uk/en/persons/bridget-irene, https://pureportal.coventry.ac.uk/en/persons/joan-lockyer, https://pureportal.coventry.ac.uk/en/persons/cherisse-hoyte, https://pureportal.coventry.ac.uk/en/persons/sunita-dewitt",28 Oct 2021
gender equality,168,Female genital cutting: crossing borders,https://pureportal.coventry.ac.uk/en/publications/female-genital-cutting:-crossing-borders,"Barrett, H. R.",https://pureportal.coventry.ac.uk/en/persons/hazel-barrett,2014
gender equality,169,Is there a Mission Drift in Microfinance? Some New Empirical Evidence from Uganda,https://pureportal.coventry.ac.uk/en/publications/is-there-a-mission-drift-in-microfinance?-some-new-empirical-evidence-from-uganda,"Darko, F.",https://pureportal.coventry.ac.uk/en/persons/francis-darko,Mar 2016
gender equality,170,The Right to be Human: How do Muslim Women talk about Human Rights and Religious Freedoms in Britain?,https://pureportal.coventry.ac.uk/en/publications/the-right-to-be-human:-how-do-muslim-women-talk-about-human-rights-and-religious-freedoms-in-britain?,"Cheruvallil-Contractor, S.",https://pureportal.coventry.ac.uk/en/persons/sariya-cheruvallil-contractor,27 Mar 2018
gender equality,171,Dance as Radical Archaeology,https://pureportal.coventry.ac.uk/en/publications/dance-as-radical-archaeology,"Crawley, M-L.",https://pureportal.coventry.ac.uk/en/persons/marie-louise-crawley,13 Aug 2020
gender equality,172,'All in all it is just a judgement call’: Issues surrounding sexual consent in young people’s heterosexual encounters,https://pureportal.coventry.ac.uk/en/publications/'all-in-all-it-is-just-a-judgement-call’:-issues-surrounding-sexual-consent-in-young-people’s-heterosexual-encounters,"Brown, G., Osmond, J., Newman, M.","https://pureportal.coventry.ac.uk/en/persons/geraldine-brown, https://pureportal.coventry.ac.uk/en/persons/jane-osmond, https://pureportal.coventry.ac.uk/en/persons/michelle-newman",2018
gender equality,173,"Women and girls bearing children through rape in Goma, Eastern Congo: stigma, health and justice responses","https://pureportal.coventry.ac.uk/en/publications/women-and-girls-bearing-children-through-rape-in-goma,-eastern-congo:-stigma,-health-and-justice-responses","Liebling, H.",https://pureportal.coventry.ac.uk/en/persons/helen-liebling,May 2012
gender equality,174,Diffraction and ‘In-Visible Light’: A case study of vertical dance,https://pureportal.coventry.ac.uk/en/publications/diffraction-and-‘in-visible-light’:-a-case-study-of-vertical-dance,"Cisneros, R. K.",https://pureportal.coventry.ac.uk/en/persons/rosamaria-kostic-cisneros,3 Jul 2020
gender equality,175,Diffraction and ‘In-Visible Light’: A case study of vertical dance,https://pureportal.coventry.ac.uk/en/publications/diffraction-and-‘in-visible-light’:-a-case-study-of-vertical-dance,"Cisneros, R. K.",https://pureportal.coventry.ac.uk/en/persons/rosamaria-kostic-cisneros,3 Jul 2020
gender equality,176,Diversity and Inclusive Leadership: An Entrepreneurial Opportunity?,https://pureportal.coventry.ac.uk/en/publications/diversity-and-inclusive-leadership:-an-entrepreneurial-opportunity?,"Puntaier, E.",https://pureportal.coventry.ac.uk/en/persons/elmar-puntaier,14 Nov 2022
gender equality,177,The Macroeconomic Landscape of Post-Apartheid South Africa A Critical Review of the Effect of the Broad-Based Black Economic Empowerment (BBBEE) Program on the Success of Female SMEs Operators,https://pureportal.coventry.ac.uk/en/publications/the-macroeconomic-landscape-of-post-apartheid-south-africa-a-critical-review-of-the-effect-of-the-broad-based-black-economic-empowerment-(bbbee)-program-on-the-success-of-female-smes-operators,"Irene, B. N. O.",https://pureportal.coventry.ac.uk/en/persons/bridget-irene,Jan 2017
gender equality,178,"Secular Feminisms and Attitudes Towards Religion in the Context of a West-European Society – Flanders, Belgium","https://pureportal.coventry.ac.uk/en/publications/secular-feminisms-and-attitudes-towards-religion-in-the-context-of-a-west-european-society-–-flanders,-belgium","van den Brandt, N.",https://pureportal.coventry.ac.uk/en/persons/nella-van-den-brandt,2014
gender equality,179,The urban women travelling issue in the twenty-first century,https://pureportal.coventry.ac.uk/en/publications/the-urban-women-travelling-issue-in-the-twenty-first-century,"Woodcock, A.",https://pureportal.coventry.ac.uk/en/persons/andree-woodcock,Apr 2021
gender equality,180,Intimate partner violence identification and response in general practice,https://pureportal.coventry.ac.uk/en/publications/intimate-partner-violence-identification-and-response-in-general-practice,"O'Doherty, L.",https://pureportal.coventry.ac.uk/en/persons/lorna-odoherty,Nov 2011
gender equality,181,Navigating the Tensions of Normative Masculinity: Homosocial Dynamics in Australian Young Men’s Discussions of Sexting Practices,https://pureportal.coventry.ac.uk/en/publications/navigating-the-tensions-of-normative-masculinity:-homosocial-dynamics-in-australian-young-men’s-discussions-of-sexting-practices,"Maloney, M.",https://pureportal.coventry.ac.uk/en/persons/marcus-maloney,Mar 2021
gender equality,182,Factors influencing low female representation in pilot training recruitment,https://pureportal.coventry.ac.uk/en/publications/factors-influencing-low-female-representation-in-pilot-training-recruitment,"Marintseva, K., Pandey, M., Wilson, N.","https://pureportal.coventry.ac.uk/en/persons/kristina-marintseva, https://pureportal.coventry.ac.uk/en/persons/mukesh-pandey, https://pureportal.coventry.ac.uk/en/persons/neil-wilson",1 Jan 2022
gender equality,183,"Domestic violence offending behaviors: A review of the literature examining childhood exposure, implicit theories, trait aggression and anger rumination as predictive factors","https://pureportal.coventry.ac.uk/en/publications/domestic-violence-offending-behaviors:-a-review-of-the-literature-examining-childhood-exposure,-implicit-theories,-trait-aggression-and-anger-rumination-as-predictive-factors","Ruddle, A.",https://pureportal.coventry.ac.uk/en/persons/anita-santo,May 2017
gender equality,184,Seeing bodies in social sciences research: Body mapping and violent extremism in Kenya,https://pureportal.coventry.ac.uk/en/publications/seeing-bodies-in-social-sciences-research:-body-mapping-and-violent-extremism-in-kenya,"Jakala, M.",https://pureportal.coventry.ac.uk/en/persons/michaelina-jakala,4 May 2022
gender equality,185,"Intangible Cultural Heritage, Marketing and Intellectual Property for Sustainable Livelihoods: The Case of HIPAMS","https://pureportal.coventry.ac.uk/en/publications/intangible-cultural-heritage,-marketing-and-intellectual-property-for-sustainable-livelihoods:-the-case-of-hipams","Waelde, C.",https://pureportal.coventry.ac.uk/en/persons/charlotte-waelde,15 Dec 2022
gender equality,186,A study into women's comfort to disclose intimate partner violence,https://pureportal.coventry.ac.uk/en/publications/a-study-into-women's-comfort-to-disclose-intimate-partner-violence,"O'Doherty, L.",https://pureportal.coventry.ac.uk/en/persons/lorna-odoherty,Jul 2012
gender equality,187,"Memory, Climate, and Mortality: The Dudley Women among the Fields","https://pureportal.coventry.ac.uk/en/publications/memory,-climate,-and-mortality:-the-dudley-women-among-the-fields","Phillippy, P.",https://pureportal.coventry.ac.uk/en/persons/patricia-phillippy,6 Oct 2022
gender equality,188,Feminist Identifications in a Troubled Society,https://pureportal.coventry.ac.uk/en/publications/feminist-identifications-in-a-troubled-society,"Percy, C.",https://pureportal.coventry.ac.uk/en/persons/carol-percy,1 May 1995
gender equality,189,Editorial: Women's Communal Land Rights,https://pureportal.coventry.ac.uk/en/publications/editorial:-women's-communal-land-rights,"Claeys, P., Lemke, S.","https://pureportal.coventry.ac.uk/en/persons/priscilla-claeys, https://pureportal.coventry.ac.uk/en/persons/stefanie-lemke",21 Apr 2022
gender equality,190,"The ‘Goldilocks Hypothesis’: Misspecification, omissions and errors in ‘sparing land for nature","https://pureportal.coventry.ac.uk/en/publications/the-‘goldilocks-hypothesis’:-misspecification,-omissions-and-errors-in-‘sparing-land-for-nature","Chappell, J.",https://pureportal.coventry.ac.uk/en/persons/michael-jahi-chappell,1 Nov 2015
gender equality,191,Women’s Safety Service within the Integrated Domestic Abuse Programme: Perceptions of Service Users,https://pureportal.coventry.ac.uk/en/publications/women’s-safety-service-within-the-integrated-domestic-abuse-programme:-perceptions-of-service-users,"Roscoe, K.",https://pureportal.coventry.ac.uk/en/persons/karen-roscoe,May 2010
gender equality,192,Free and open-source software as (non-) liberatory technology,https://pureportal.coventry.ac.uk/en/publications/free-and-open-source-software-as-(non-)-liberatory-technology,"Bowie, S.",https://pureportal.coventry.ac.uk/en/persons/simon-bowie,16 Jun 2022
gender equality,193,"Women war survivors of sexual violence in Liberia: inequalities in health, resilience and justice","https://pureportal.coventry.ac.uk/en/publications/women-war-survivors-of-sexual-violence-in-liberia:-inequalities-in-health,-resilience-and-justice","Liebling, H.",https://pureportal.coventry.ac.uk/en/persons/helen-liebling,2010
gender equality,194,Riding the wave: Female Entrepreneurship in Pakistan,https://pureportal.coventry.ac.uk/en/publications/riding-the-wave:-female-entrepreneurship-in-pakistan,"Amoako, I. O.",https://pureportal.coventry.ac.uk/en/persons/isaac-amoako,2019
gender equality,195,Navigating the Third Wave: Contemporary UK feminist activists and ‘third-wave feminism’,https://pureportal.coventry.ac.uk/en/publications/navigating-the-third-wave:-contemporary-uk-feminist-activists-and-‘third-wave-feminism’,"Aune, K.",https://pureportal.coventry.ac.uk/en/persons/kristin-aune,Aug 2018
gender equality,196,"Justice and health provision for survivors of sexual violence: A case study of Kitgum, northern Uganda","https://pureportal.coventry.ac.uk/en/publications/justice-and-health-provision-for-survivors-of-sexual-violence:-a-case-study-of-kitgum,-northern-uganda","Liebling-Kalifani, H.",https://pureportal.coventry.ac.uk/en/persons/helen-liebling,2010
gender equality,197,"Migrant belonging, social location and the neighbourhood: recent migrants in East London and Birmingham","https://pureportal.coventry.ac.uk/en/publications/migrant-belonging,-social-location-and-the-neighbourhood:-recent-migrants-in-east-london-and-birmingham","Wessendorf, S.",https://pureportal.coventry.ac.uk/en/persons/susanne-wessendorf,1 Jan 2019
gender equality,198,Pilot toolkit for replacing approaches to ending FGM in the EU : implementing behaviour change with practising communities,https://pureportal.coventry.ac.uk/en/publications/pilot-toolkit-for-replacing-approaches-to-ending-fgm-in-the-eu-:-implementing-behaviour-change-with-practising-communities,"Barrett, H. R.",https://pureportal.coventry.ac.uk/en/persons/hazel-barrett,2011
gender equality,199,"Conflict and Post-Conflict Sexual Violence in Africa: Case Studies of Liberia, northern Uganda and eastern Democratic Republic of Congo","https://pureportal.coventry.ac.uk/en/publications/conflict-and-post-conflict-sexual-violence-in-africa:-case-studies-of-liberia,-northern-uganda-and-eastern-democratic-republic-of-congo","Liebling, H.",https://pureportal.coventry.ac.uk/en/persons/helen-liebling,2015
gender equality,200,Communicative Methodology of Research with Minority Groups: The Roma Women’s Movement,https://pureportal.coventry.ac.uk/en/publications/communicative-methodology-of-research-with-minority-groups:-the-roma-women’s-movement,"Kostic Cisneros, R. E.",https://pureportal.coventry.ac.uk/en/persons/rosamaria-kostic-cisneros,2013
gender equality,201,"Learning from experience, leading to engagement: Lessons from Belieforama for a Europe of religion and belief diversity","https://pureportal.coventry.ac.uk/en/publications/learning-from-experience,-leading-to-engagement:-lessons-from-belieforama-for-a-europe-of-religion-and-belief-diversity","Weller, P.",https://pureportal.coventry.ac.uk/en/persons/paul-weller,2017
gender equality,202,The Applicability of Behaviour Change in Intervention Programmes Targeted at Ending Female Genital Mutilation in the EU: Integrating Social Cognitive and Community Level Approaches,https://pureportal.coventry.ac.uk/en/publications/the-applicability-of-behaviour-change-in-intervention-programmes-targeted-at-ending-female-genital-mutilation-in-the-eu:-integrating-social-cognitive-and-community-level-approaches,"Barrett, H.",https://pureportal.coventry.ac.uk/en/persons/hazel-barrett,29 Jul 2013
gender equality,203,The Applicability of Behaviour Change in Intervention Programmes Targeted at Ending Female Genital Mutilation in the EU: Integrating Social Cognitive and Community Level Approaches,https://pureportal.coventry.ac.uk/en/publications/the-applicability-of-behaviour-change-in-intervention-programmes-targeted-at-ending-female-genital-mutilation-in-the-eu:-integrating-social-cognitive-and-community-level-approaches,"Barrett, H.",https://pureportal.coventry.ac.uk/en/persons/hazel-barrett,29 Jul 2013
gender equality,204,"Prevalence, dynamic risk factors and the efficacy of primary interventions for adolescent dating violence: An international review","https://pureportal.coventry.ac.uk/en/publications/prevalence,-dynamic-risk-factors-and-the-efficacy-of-primary-interventions-for-adolescent-dating-violence:-an-international-review","Holdsworth, E.",https://pureportal.coventry.ac.uk/en/persons/emma-holdsworth,2013
gender equality,205,The Female Genital Mutilation (FGM)- Migration Matrix: The case of the Arab League Region,https://pureportal.coventry.ac.uk/en/publications/the-female-genital-mutilation-(fgm)--migration-matrix:-the-case-of-the-arab-league-region,"Barrett, H.",https://pureportal.coventry.ac.uk/en/persons/hazel-barrett,2021
gender equality,206,Applying a strengths-based psychoeducational model of rehabilitation to the treatment of intimate partner violence: Program theory and logic model,https://pureportal.coventry.ac.uk/en/publications/applying-a-strengths-based-psychoeducational-model-of-rehabilitation-to-the-treatment-of-intimate-partner-violence:-program-theory-and-logic-model,"Holdsworth, E.",https://pureportal.coventry.ac.uk/en/persons/emma-holdsworth,Feb 2019
gender equality,207,Risk factors for female perpetrators of intimate partner violence within criminal justice settings: A systematic review,https://pureportal.coventry.ac.uk/en/publications/risk-factors-for-female-perpetrators-of-intimate-partner-violence-within-criminal-justice-settings:-a-systematic-review,"O'Doherty, L.",https://pureportal.coventry.ac.uk/en/persons/lorna-odoherty,Jul 2018
gender equality,208,"""Trafficking of Women in the UAE: A Critical Assessment of the UAE’s Obligations under International, Regional and Domestic Legal Frameworks"".","https://pureportal.coventry.ac.uk/en/publications/""trafficking-of-women-in-the-uae:-a-critical-assessment-of-the-uae’s-obligations-under-international,-regional-and-domestic-legal-frameworks"".","Shahid, A.",https://pureportal.coventry.ac.uk/en/persons/ayesha-shahid,2019
gender equality,209,"Communicating law, building peace: the pedagogy of public outreach from war crimes courts","https://pureportal.coventry.ac.uk/en/publications/communicating-law,-building-peace:-the-pedagogy-of-public-outreach-from-war-crimes-courts","Jakala, M.",https://pureportal.coventry.ac.uk/en/persons/michaelina-jakala,2017
gender equality,210,The psychological and social impact of female genital mutilation: A holistic conceptual framework,https://pureportal.coventry.ac.uk/en/publications/the-psychological-and-social-impact-of-female-genital-mutilation:-a-holistic-conceptual-framework,"Liebling, H., Barrett, H.","https://pureportal.coventry.ac.uk/en/persons/helen-liebling, https://pureportal.coventry.ac.uk/en/persons/hazel-barrett",2017
gender equality,211,Illegal Fishing and Fisheries Crime as a Transnational Organized Crime in Indonesia,https://pureportal.coventry.ac.uk/en/publications/illegal-fishing-and-fisheries-crime-as-a-transnational-organized-crime-in-indonesia,"Chapsos, I.",https://pureportal.coventry.ac.uk/en/persons/ioannis-chapsos,15 Sept 2019
gender equality,212,Islamic microfinance: A bibliometric review,https://pureportal.coventry.ac.uk/en/publications/islamic-microfinance:-a-bibliometric-review,"Hasan, R.",https://pureportal.coventry.ac.uk/en/persons/rashedul-hasan,Aug 2021
gender equality,213,Reimagining the Social Contract in Iraq,https://pureportal.coventry.ac.uk/en/publications/reimagining-the-social-contract-in-iraq,"O'Driscoll, D.",https://pureportal.coventry.ac.uk/en/persons/dylan-odriscoll,Jun 2022
gender equality,214,LGBT+ Domestic Abuse Service Provision Mapping Study,https://pureportal.coventry.ac.uk/en/publications/lgbt+-domestic-abuse-service-provision-mapping-study,"West, S.",https://pureportal.coventry.ac.uk/en/persons/sarah-west,22 Feb 2022
gender equality,215,Indigenous People and the Sustainable Development Goals in Brazil: A Study of the Kaingang People,https://pureportal.coventry.ac.uk/en/publications/indigenous-people-and-the-sustainable-development-goals-in-brazil:-a-study-of-the-kaingang-people,"Reid, D.",https://pureportal.coventry.ac.uk/en/persons/darren-reid,Dec 2020
gender equality,216,Illiteracy and poverty as precursors to the prevalence of domestic violence in indigenous Nigerian communities,https://pureportal.coventry.ac.uk/en/publications/illiteracy-and-poverty-as-precursors-to-the-prevalence-of-domestic-violence-in-indigenous-nigerian-communities,"Oyefeso, T.",https://pureportal.coventry.ac.uk/en/persons/tobi-oyefeso,4 May 2021
gender equality,217,Identifying intimate partner violence when screening for health and lifestyle issues among women attending general practice,https://pureportal.coventry.ac.uk/en/publications/identifying-intimate-partner-violence-when-screening-for-health-and-lifestyle-issues-among-women-attending-general-practice,"O'Doherty, L.",https://pureportal.coventry.ac.uk/en/persons/lorna-odoherty,2012
gender equality,218,Urban Villages:  The Roma’s Digital Scrapbooks—Changing Narratives One Image at a Time,https://pureportal.coventry.ac.uk/en/publications/urban-villages:--the-roma’s-digital-scrapbooks—changing-narratives-one-image-at-a-time,"Cisneros, R. K.",https://pureportal.coventry.ac.uk/en/persons/rosamaria-kostic-cisneros,14 Mar 2022
gender equality,219,"Parenting, Roma Feminism and Dance: Cultivating an egalitarian dance-research environment","https://pureportal.coventry.ac.uk/en/publications/parenting,-roma-feminism-and-dance:-cultivating-an-egalitarian-dance-research-environment","Cisneros, R. K.",https://pureportal.coventry.ac.uk/en/persons/rosamaria-kostic-cisneros,1 Mar 2023
gender equality,220,Selecting outcomes for intimate partner violence intervention trials: Overview and recommendations,https://pureportal.coventry.ac.uk/en/publications/selecting-outcomes-for-intimate-partner-violence-intervention-trials:-overview-and-recommendations,"O'Doherty, L.",https://pureportal.coventry.ac.uk/en/persons/lorna-odoherty,2014
gender equality,221,"The Determinants Of Interest Rates In Microfinance: Age, Scale And Organisational Charter","https://pureportal.coventry.ac.uk/en/publications/the-determinants-of-interest-rates-in-microfinance:-age,-scale-and-organisational-charter","Tony-Okeke, U.",https://pureportal.coventry.ac.uk/en/persons/uchenna-tony-okeke,Aug 2018
gender equality,222,Finance and the improved cookstove sector in East Africa; Barriers and opportunities for value-chain actors,https://pureportal.coventry.ac.uk/en/publications/finance-and-the-improved-cookstove-sector-in-east-africa;-barriers-and-opportunities-for-value-chain-actors,"Hewitt, J.",https://pureportal.coventry.ac.uk/en/persons/joseph-hewitt,Jun 2018
gender equality,223,Labor recruitment and human trafficking: Analysis of a global trafficking survivor data base,https://pureportal.coventry.ac.uk/en/publications/labor-recruitment-and-human-trafficking:-analysis-of-a-global-trafficking-survivor-data-base,"Jones, K.",https://pureportal.coventry.ac.uk/en/persons/katharine-jones,3 Jan 2023
gender equality,224,Gestational weight gain differentials in the presence of intimate partner violence,https://pureportal.coventry.ac.uk/en/publications/gestational-weight-gain-differentials-in-the-presence-of-intimate-partner-violence,"Amorim, A. R.",https://pureportal.coventry.ac.uk/en/persons/amanda-r-a-adegboye,Dec 2006
gender equality,225,Postdigital Intimacies for Online Safety,https://pureportal.coventry.ac.uk/en/publications/postdigital-intimacies-for-online-safety,"Balfour, L., Evans, A., Maloney, M., Merry, S. K.","https://pureportal.coventry.ac.uk/en/persons/lindsay-balfour, https://pureportal.coventry.ac.uk/en/persons/ady-evans, https://pureportal.coventry.ac.uk/en/persons/marcus-maloney, https://pureportal.coventry.ac.uk/en/persons/sarah-kate-merry",18 May 2023
gender equality,226,Can a digital intervention boost resilience in informal networks of survivors of sexual violence?,https://pureportal.coventry.ac.uk/en/publications/can-a-digital-intervention-boost-resilience-in-informal-networks-of-survivors-of-sexual-violence?,"West, S., Carter, G., O'Doherty, L., Turner, A.","https://pureportal.coventry.ac.uk/en/persons/sarah-west, https://pureportal.coventry.ac.uk/en/persons/grace-carter, https://pureportal.coventry.ac.uk/en/persons/lorna-odoherty, https://pureportal.coventry.ac.uk/en/persons/andy-turner",25 Mar 2022
gender equality,227,Experiences of pregnancy and maternity care for women exposed to human trafficking and sexual exploitation: a systematic review and qualitative evidence synthesis,https://pureportal.coventry.ac.uk/en/publications/experiences-of-pregnancy-and-maternity-care-for-women-exposed-to-human-trafficking-and-sexual-exploitation:-a-systematic-review-and-qualitative-evidence-synthesis,"O'Doherty, L.",https://pureportal.coventry.ac.uk/en/persons/lorna-odoherty,1 Dec 2020
gender equality,228,"Intercultural Education with the Indigenous Kaingáng Peoples of Sub-Amazonian Brazil: Creating Vectors of Learning, Understanding, and Empathy in Higher Education and Beyond using Triadic Contact Zones","https://pureportal.coventry.ac.uk/en/publications/intercultural-education-with-the-indigenous-kaingáng-peoples-of-sub-amazonian-brazil:-creating-vectors-of-learning,-understanding,-and-empathy-in-higher-education-and-beyond-using-triadic-contact-zones","Reid, D. R.",https://pureportal.coventry.ac.uk/en/persons/darren-reid,2023
gender equality,229,LifeStrings Screendance work,https://pureportal.coventry.ac.uk/en/publications/lifestrings-screendance-work,"Cisneros, R. K.",https://pureportal.coventry.ac.uk/en/persons/rosamaria-kostic-cisneros,5 Apr 2022
gender equality,230,Belief Systems Enforcing Female Genital Mutilation in Europe,https://pureportal.coventry.ac.uk/en/publications/belief-systems-enforcing-female-genital-mutilation-in-europe,"Barrett, H.",https://pureportal.coventry.ac.uk/en/persons/hazel-barrett,14 Mar 2016
gender equality,231,Designing a Pro-poor Credit Risk Management System for Financial Inclusion: An Empirical Analysis,https://pureportal.coventry.ac.uk/en/publications/designing-a-pro-poor-credit-risk-management-system-for-financial-inclusion:-an-empirical-analysis,"Lockyer, J.",https://pureportal.coventry.ac.uk/en/persons/joan-lockyer,8 Nov 2018
gender equality,232,Maternal role development following childbirth among Australian women,https://pureportal.coventry.ac.uk/en/publications/maternal-role-development-following-childbirth-among-australian-women,"Gamble, J.",https://pureportal.coventry.ac.uk/en/persons/jenny-gamble,Oct 2008
gender equality,233,“Sometimes cathartic. Sometimes quite raw”: Benefit and harm in an intimate partner violence trial,https://pureportal.coventry.ac.uk/en/publications/“sometimes-cathartic.-sometimes-quite-raw”:-benefit-and-harm-in-an-intimate-partner-violence-trial,"O'Doherty, L.",https://pureportal.coventry.ac.uk/en/persons/lorna-odoherty,2014
gender equality,234,Family dynamics and relationships in female entrepreneurship: An exploratory study.,https://pureportal.coventry.ac.uk/en/publications/family-dynamics-and-relationships-in-female-entrepreneurship:-an-exploratory-study.,"Dewitt, S., Sadraei, R.","https://pureportal.coventry.ac.uk/en/persons/sunita-dewitt, https://pureportal.coventry.ac.uk/en/persons/razieh-sadraei",11 Nov 2022
gender equality,235,So? He is your husband! Analysing the possibility of reconceptualising rape (ightisab) as a way to further regulate marital rape in Arabic Muslim states: the case study of Egypt,https://pureportal.coventry.ac.uk/en/publications/so?-he-is-your-husband!-analysing-the-possibility-of-reconceptualising-rape-(ightisab)-as-a-way-to-further-regulate-marital-rape-in-arabic-muslim-states:-the-case-study-of-egypt,"Masud, M.",https://pureportal.coventry.ac.uk/en/persons/mahmoud-masud,25 Jul 2022
gender equality,236,Calculating the relative importance of condition attributes based on the characteristics of decision rules and attribute reducts: application to crowdfunding,https://pureportal.coventry.ac.uk/en/publications/calculating-the-relative-importance-of-condition-attributes-based-on-the-characteristics-of-decision-rules-and-attribute-reducts:-application-to-crowdfunding,"Nguyen, T.",https://pureportal.coventry.ac.uk/en/persons/thang-nguyen,16 Oct 2020
gender equality,237,Using Choice Experiments to Improve Equity in Access to Socially Marketed HIV Prevention Products,https://pureportal.coventry.ac.uk/en/publications/using-choice-experiments-to-improve-equity-in-access-to-socially-marketed-hiv-prevention-products,"Mulatu, A.",https://pureportal.coventry.ac.uk/en/persons/abay-mulatu,Dec 2021
gender equality,238,"Human Trafficking: Pregnancy, Morbidity & Mortality","https://pureportal.coventry.ac.uk/en/publications/human-trafficking:-pregnancy,-morbidity-&-mortality","O'Doherty, L.",https://pureportal.coventry.ac.uk/en/persons/lorna-odoherty,25 Apr 2018
gender equality,239,The role of women as change agents in a male-dominated context: Empirical findings from the transport and mobility industry,https://pureportal.coventry.ac.uk/en/publications/the-role-of-women-as-change-agents-in-a-male-dominated-context:-empirical-findings-from-the-transport-and-mobility-industry,"Nienaber, A-M., Woodcock, A.","https://pureportal.coventry.ac.uk/en/persons/ann-marie-nienaber, https://pureportal.coventry.ac.uk/en/persons/andree-woodcock",23 Jun 2023
gender equality,240,Effect of Type and Severity of Intimate Partner Violence on Women's Health and Service Use: Findings From a Primary Care Trial of Women Afraid of Their Partners,https://pureportal.coventry.ac.uk/en/publications/effect-of-type-and-severity-of-intimate-partner-violence-on-women's-health-and-service-use:-findings-from-a-primary-care-trial-of-women-afraid-of-their-partners,"O'Doherty, L. J.",https://pureportal.coventry.ac.uk/en/persons/lorna-odoherty,2013
gender equality,241,Memory and Matter: Lady Anne Clifford's ‘Life of Mee',https://pureportal.coventry.ac.uk/en/publications/memory-and-matter:-lady-anne-clifford's-‘life-of-mee',"Phillippy, P.",https://pureportal.coventry.ac.uk/en/persons/patricia-phillippy,19 Dec 2022
gender equality,242,Transforming social norms to end FGM in the EU: An evaluation of the REPLACE Approach,https://pureportal.coventry.ac.uk/en/publications/transforming-social-norms-to-end-fgm-in-the-eu:-an-evaluation-of-the-replace-approach,"Barrett, H.",https://pureportal.coventry.ac.uk/en/persons/hazel-barrett,18 Mar 2020
gender equality,243,Screening women for intimate partner violence in healthcare settings: abridged Cochrane systematic review and meta-analysis,https://pureportal.coventry.ac.uk/en/publications/screening-women-for-intimate-partner-violence-in-healthcare-settings:-abridged-cochrane-systematic-review-and-meta-analysis,"O'Doherty, L.",https://pureportal.coventry.ac.uk/en/persons/lorna-odoherty,2014
gender equality,244,Receiving care for intimate partner violence in primary care: barriers and enablers for women participating in the weave randomised controlled trial,https://pureportal.coventry.ac.uk/en/publications/receiving-care-for-intimate-partner-violence-in-primary-care:-barriers-and-enablers-for-women-participating-in-the-weave-randomised-controlled-trial,"O'Doherty, L.",https://pureportal.coventry.ac.uk/en/persons/lorna-odoherty,Jul 2016
gender equality,245,The Impact of Social Media on the Performance of Microfinance Institutions in Developing Countries: A Quantitative Approach,https://pureportal.coventry.ac.uk/en/publications/the-impact-of-social-media-on-the-performance-of-microfinance-institutions-in-developing-countries:-a-quantitative-approach,"Kamal, M. M., Hasan, RUAA.","https://pureportal.coventry.ac.uk/en/persons/muhammad-mustafa-kamal, https://pureportal.coventry.ac.uk/en/persons/ruaa-hasan",22 Jan 2021
gender equality,246,Screening women for intimate partner violence in healthcare settings,https://pureportal.coventry.ac.uk/en/publications/screening-women-for-intimate-partner-violence-in-healthcare-settings,"O'Doherty, L.",https://pureportal.coventry.ac.uk/en/persons/lorna-odoherty,22 Jul 2015
gender equality,247,Aesthetic labor in religious contexts: Women encountering modest dress in the workplace in the UK and Saudi Arabia,https://pureportal.coventry.ac.uk/en/publications/aesthetic-labor-in-religious-contexts:-women-encountering-modest-dress-in-the-workplace-in-the-uk-and-saudi-arabia,"Aune, K.",https://pureportal.coventry.ac.uk/en/persons/kristin-aune,2 Feb 2023
gender equality,248,"Multi-disciplinary Evaluation of Sexual Assault Referral Centres (SARCs) for better Health (MESARCH): protocol for a 1-year cohort study examining health, well-being and cost outcomes in adult survivors of sexual assault attending SARCs in England","https://pureportal.coventry.ac.uk/en/publications/multi-disciplinary-evaluation-of-sexual-assault-referral-centres-(sarcs)-for-better-health-(mesarch):-protocol-for-a-1-year-cohort-study-examining-health,-well-being-and-cost-outcomes-in-adult-survivors-of-sexual-assault-attending-sarcs-in-england","O'Doherty, L., Carter, G., Lutman-White, E.","https://pureportal.coventry.ac.uk/en/persons/lorna-odoherty, https://pureportal.coventry.ac.uk/en/persons/grace-carter, https://pureportal.coventry.ac.uk/en/persons/eleanor-lutman-white",24 May 2022
gender equality,249,Cybercrime in Action,https://pureportal.coventry.ac.uk/en/publications/cybercrime-in-action,"Turksen, U.",https://pureportal.coventry.ac.uk/en/persons/umut-turksen,15 Oct 2021
